Atoms,Comm Name,Neigh Name,Geometry,Latitude (generated),Longitude (generated),Count
932,St. Boniface,STOCK YARDS,Polygon,49.877671192,-97.084400522,114
931,Seven Oaks,RIVERGROVE,Polygon,49.958879598,-97.083526438,28
930,Seven Oaks,RIVERBEND,Polygon,49.959275895,-97.097904111,60
929,Seven Oaks,AMBER TRAILS,Polygon,49.965029511,-97.174280220,25
928,Seven Oaks,AMBER TRAILS,Polygon,49.969335079,-97.179993183,36
927,Seven Oaks,AMBER TRAILS,Polygon,49.969428393,-97.170498640,38
926,Seven Oaks,AMBER TRAILS,Polygon,49.962974035,-97.168222707,21
925,Seven Oaks,RIVERBEND,Polygon,49.953655637,-97.105678646,31
924,Seven Oaks,RIVERGROVE,Polygon,49.953036019,-97.090825807,63
923,St. Boniface,ROYALWOOD,Polygon,49.814361904,-97.071270678,9
922,Fort Garry,TRAPPISTES,Polygon,49.738395378,-97.161629687,1
921,St. Boniface,ST. BONIFACE INDUSTRIAL PARK,Polygon,49.879973760,-97.030762410,31
920,St. Boniface,STOCK YARDS,Polygon,49.874211245,-97.088895765,4
918,St. Boniface,ARCHWOOD,Polygon,49.878503037,-97.103143249,28
917,St. Boniface,NIAKWA PARK,Polygon,49.858447021,-97.093649254,19
915,St. Vital,RIVER PARK SOUTH,Polygon,49.814666959,-97.117558527,27
914,St. Vital,RIVER PARK SOUTH,Polygon,49.818007627,-97.105650548,70
913,St. Vital,RIVER PARK SOUTH,Polygon,49.809395517,-97.097803604,11
912,St. Vital,RIVER PARK SOUTH,Polygon,49.808109899,-97.101685021,7
911,St. Vital,RIVER PARK SOUTH,Polygon,49.805412010,-97.098929289,9
910,St. Vital,RIVER PARK SOUTH,Polygon,49.806132255,-97.093878853,5
909,Assiniboine South,RIDGEWOOD SOUTH,Polygon,49.841088712,-97.313556643,10
908,Assiniboine South,RIDGEWOOD SOUTH,Polygon,49.844047711,-97.311753926,6
906,Assiniboine South,RIDGEWOOD SOUTH,Polygon,49.843454241,-97.317547404,18
905,Assiniboine South,RIDGEWOOD SOUTH,Polygon,49.843423705,-97.320341655,9
904,River East,GRASSIE,Polygon,49.916228634,-97.041191073,55
903,River East,GRASSIE,Polygon,49.916387165,-97.048546882,13
902,River East,GRASSIE,Polygon,49.919159170,-97.041599499,11
901,Transcona,KILDARE-REDONDA,Polygon,49.907131545,-96.994326515,43
900,Transcona,KILDARE-REDONDA,Polygon,49.906832159,-96.981216419,15
899,Transcona,CANTERBURY PARK,Polygon,49.902671897,-96.977232912,29
898,Transcona,CANTERBURY PARK,Polygon,49.903507521,-96.972115125,24
897,Transcona,CANTERBURY PARK,Polygon,49.902082876,-96.962487223,4
896,Transcona,CANTERBURY PARK,Polygon,49.903988538,-96.966091073,6
895,Transcona,CANTERBURY PARK,Polygon,49.907024456,-96.967719962,19
894,Transcona,CANTERBURY PARK,Polygon,49.907068218,-96.977180861,12
893,Transcona,CANTERBURY PARK,Polygon,49.888664983,-96.964519052,3
892,Transcona,CANTERBURY PARK,Polygon,49.894849028,-96.972288406,6
891,Transcona,CANTERBURY PARK,Polygon,49.894781191,-96.964469499,9
890,Transcona,CANTERBURY PARK,Polygon,49.896941867,-96.961622892,10
889,Transcona,CANTERBURY PARK,Polygon,49.897610184,-96.965515767,15
888,Transcona,CANTERBURY PARK,Polygon,49.897781819,-96.970957502,11
887,Transcona,CANTERBURY PARK,Polygon,49.897349928,-96.976917435,13
885,St. Boniface,FRAIPONT,Polygon,49.825658616,-97.054398933,11
884,St. Boniface,FRAIPONT,Polygon,49.823295829,-97.057097371,3
883,St. Boniface,FRAIPONT,Polygon,49.826438410,-97.060766681,1
882,St. Boniface,FRAIPONT,Polygon,49.827221008,-97.066405529,9
881,St. Boniface,ISLAND LAKES,Polygon,49.828242408,-97.063992581,5
880,St. Boniface,ISLAND LAKES,Polygon,49.826393490,-97.054367422,12
879,St. Boniface,ISLAND LAKES,Polygon,49.830805537,-97.054278313,3
878,St. Boniface,ISLAND LAKES,Polygon,49.836666365,-97.054636455,5
877,St. Boniface,ISLAND LAKES,Polygon,49.831906964,-97.059855845,19
876,St. Boniface,ISLAND LAKES,Polygon,49.835672758,-97.057993884,7
875,St. Boniface,ISLAND LAKES,Polygon,49.837075156,-97.066082434,20
874,St. Vital,DAKOTA CROSSING,Polygon,49.820126370,-97.078299795,13
873,St. Vital,DAKOTA CROSSING,Polygon,49.825173028,-97.081653324,18
872,St. Boniface,ROYALWOOD,Polygon,49.821482202,-97.076036052,10
870,St. Boniface,ROYALWOOD,Polygon,49.823554074,-97.070678184,3
869,St. Boniface,ROYALWOOD,Polygon,49.829999291,-97.074645417,9
868,St. Boniface,ROYALWOOD,Polygon,49.829809431,-97.082291409,8
867,St. Boniface,ROYALWOOD,Polygon,49.834577975,-97.075859907,5
866,St. Boniface,ROYALWOOD,Polygon,49.835226239,-97.084244978,6
865,St. Boniface,ROYALWOOD,Polygon,49.838246797,-97.079212765,7
864,St. Boniface,ROYALWOOD,Polygon,49.837557209,-97.086646224,5
863,St. Boniface,NIAKWA PLACE,Polygon,49.842172220,-97.085345917,10
862,St. Boniface,NIAKWA PLACE,Polygon,49.844849935,-97.083009095,11
861,St. Boniface,NIAKWA PLACE,Polygon,49.845891692,-97.089211974,6
860,St. Boniface,NIAKWA PLACE,Polygon,49.849937917,-97.084982655,23
859,St. Boniface,NIAKWA PLACE,Polygon,49.853369218,-97.096115229,3
858,St. Boniface,SAGE CREEK,Polygon,49.828296226,-97.032966788,16
856,St. Boniface,SAGE CREEK,Polygon,49.830534127,-97.046098948,19
855,St. Boniface,SAGE CREEK,Polygon,49.830817483,-97.041457364,7
854,St. Boniface,SAGE CREEK,Polygon,49.830941272,-97.034430502,7
853,St. Boniface,SAGE CREEK,Polygon,49.836443166,-97.030454369,9
852,St. Boniface,SAGE CREEK,Polygon,49.835270610,-97.034308358,10
851,St. Boniface,SAGE CREEK,Polygon,49.835752420,-97.040746443,2
850,St. Boniface,SAGE CREEK,Polygon,49.837017193,-97.043735247,72
849,St. Boniface,SAGE CREEK,Polygon,49.837514910,-97.030864075,3
848,Fort Garry,FAIRFIELD PARK,Polygon,49.799237655,-97.157869561,30
847,Fort Garry,RICHMOND WEST,Polygon,49.795668120,-97.158048693,14
846,Fort Garry,RICHMOND WEST,Polygon,49.791741783,-97.158097514,54
845,Fort Garry,FAIRFIELD PARK,Polygon,49.794253898,-97.170169205,9
844,Fort Garry,FAIRFIELD PARK,Polygon,49.797461146,-97.161844536,20
843,Fort Garry,FAIRFIELD PARK,Polygon,49.800452388,-97.160927117,100
842,Fort Garry,FAIRFIELD PARK,Polygon,49.798143542,-97.170046269,16
840,Fort Garry,PRAIRIE POINTE,Polygon,49.772678338,-97.194998519,1
839,Fort Garry,PRAIRIE POINTE,Polygon,49.771944500,-97.189407151,7
838,Fort Garry,PRAIRIE POINTE,Polygon,49.776622715,-97.203813774,2
837,Fort Garry,PRAIRIE POINTE,Polygon,49.777820017,-97.206280603,2
836,Fort Garry,PRAIRIE POINTE,Polygon,49.782102057,-97.194980843,2
835,Fort Garry,SOUTH POINTE,Polygon,49.775725105,-97.179043095,18
834,Fort Garry,SOUTH POINTE,Polygon,49.778168833,-97.184001254,16
833,Fort Garry,SOUTH POINTE,Polygon,49.779501809,-97.177855789,23
832,Fort Garry,SOUTH POINTE,Polygon,49.781776341,-97.186838658,1
831,Fort Garry,SOUTH POINTE,Polygon,49.785144070,-97.179507656,12
830,Fort Garry,SOUTH POINTE,Polygon,49.787050037,-97.182909152,49
829,Fort Garry,WAVERLEY WEST B,Polygon,49.788176454,-97.183811212,3
828,Fort Garry,WAVERLEY WEST B,Polygon,49.792530171,-97.186665804,1
827,Fort Garry,WAVERLEY WEST B,Polygon,49.795757473,-97.188778330,5
825,Fort Garry,BRIDGWATER TRAILS,Polygon,49.782192202,-97.208560376,7
824,Fort Garry,BRIDGWATER TRAILS,Polygon,49.784117246,-97.205429863,7
823,Fort Garry,BRIDGWATER TRAILS,Polygon,49.786058442,-97.199282509,5
822,Fort Garry,BRIDGWATER TRAILS,Polygon,49.786469184,-97.196490086,5
821,Fort Garry,BRIDGWATER TRAILS,Polygon,49.791295934,-97.201795599,16
820,Fort Garry,BRIDGWATER TRAILS,Polygon,49.790417645,-97.203877162,19
819,Fort Garry,BRIDGWATER TRAILS,Polygon,49.789565626,-97.207818858,6
818,Fort Garry,BRIDGWATER TRAILS,Polygon,49.788158473,-97.211066821,1
817,Fort Garry,BRIDGWATER LAKES,Polygon,49.795026073,-97.210507484,21
816,Fort Garry,BRIDGWATER LAKES,Polygon,49.799681554,-97.207540987,9
815,Fort Garry,BRIDGWATER LAKES,Polygon,49.796416281,-97.203490191,18
814,Fort Garry,BRIDGWATER LAKES,Polygon,49.804400849,-97.195946352,6
813,Fort Garry,BRIDGWATER LAKES,Polygon,49.802392426,-97.195838897,6
812,Fort Garry,BRIDGWATER CENTRE,Polygon,49.789647603,-97.195420353,6
811,Fort Garry,BRIDGWATER CENTRE,Polygon,49.792898919,-97.195223119,11
810,Fort Garry,BRIDGWATER CENTRE,Polygon,49.792114980,-97.199314630,13
809,Fort Garry,BRIDGWATER CENTRE,Polygon,49.796985858,-97.196143159,39
808,Fort Garry,BRIDGWATER CENTRE,Polygon,49.796742668,-97.199626877,42
807,Fort Garry,BRIDGWATER CENTRE,Polygon,49.800391560,-97.195142848,35
806,Fort Garry,BRIDGWATER FOREST,Polygon,49.801695890,-97.191116797,18
805,Fort Garry,BRIDGWATER FOREST,Polygon,49.800290444,-97.188470350,34
804,Fort Garry,BRIDGWATER FOREST,Polygon,49.803220553,-97.177673488,10
803,Fort Garry,BRIDGWATER FOREST,Polygon,49.809732388,-97.175568215,27
802,Fort Garry,BRIDGWATER FOREST,Polygon,49.808407823,-97.183637199,15
801,Fort Garry,BRIDGWATER FOREST,Polygon,49.806477415,-97.179265928,22
800,Fort Garry,BRIDGWATER FOREST,Polygon,49.803965789,-97.186110610,7
799,Downtown,SPENCE,Polygon,49.895007376,-97.154588990,843
798,Downtown,CENTRAL PARK,Polygon,49.896114593,-97.145417908,372
797,Point Douglas,NORTH POINT DOUGLAS,Polygon,49.914405864,-97.128950261,102
796,St. James - Assiniboia,SASKATCHEWAN NORTH,Polygon,49.912017234,-97.315954659,1
795,Downtown,WEST BROADWAY,Polygon,49.887294462,-97.158939538,186
794,St. James - Assiniboia,ST. JAMES INDUSTRIAL,Polygon,49.898203471,-97.195833411,338
793,St. Vital,ST. VITAL PERIMETER SOUTH,Polygon,49.801271983,-97.058207880,7
792,St. Boniface,SAGE CREEK,Polygon,49.823192214,-97.041101720,3
791,Fort Garry,WHYTE RIDGE,Polygon,49.805891503,-97.210832225,20
785,Transcona,TRANSCONA SOUTH,Polygon,49.883075260,-96.988766293,7
784,Transcona,KILDARE-REDONDA,Polygon,49.894749436,-96.983990618,8
783,Transcona,MELROSE,Polygon,49.894452183,-96.995139649,27
782,Transcona,KERN PARK,Polygon,49.897555877,-96.997488112,37
781,Transcona,KILDARE-REDONDA,Polygon,49.897568128,-96.981408046,64
780,Transcona,KERN PARK,Polygon,49.897943763,-96.997775857,39
779,Transcona,KILDARE-REDONDA,Polygon,49.902258960,-96.980673599,29
778,Transcona,KILDARE-REDONDA,Polygon,49.902374826,-96.997145817,56
776,River Heights,CENTRAL RIVER HEIGHTS,Polygon,49.861384139,-97.187670625,30
775,Transcona,TRANSCONA SOUTH,Polygon,49.878453972,-97.008730823,3
774,Transcona,TRANSCONA SOUTH,Polygon,49.878686862,-97.024721110,9
773,Transcona,TRANSCONA SOUTH,Polygon,49.882842066,-97.029358367,1
772,Transcona,TRANSCONA YARDS,Polygon,49.890094564,-96.995577940,44
771,Transcona,MELROSE,Polygon,49.894528736,-97.012865364,87
770,Transcona,VICTORIA WEST,Polygon,49.895580915,-97.007911350,73
769,Inkster,BROOKLANDS,Polygon,49.923890107,-97.200927915,46
768,Inkster,INKSTER INDUSTRIAL PARK,Polygon,49.948152829,-97.192599101,28
763,Downtown,EXCHANGE DISTRICT,Polygon,49.897053345,-97.134368409,315
762,St. Boniface,THE MINT,Polygon,49.851243770,-97.053869338,3
760,Transcona,VICTORIA WEST,Polygon,49.899573992,-97.008416870,31
759,Transcona,VICTORIA WEST,Polygon,49.896432630,-97.019964635,28
758,Transcona,RADISSON,Polygon,49.902862182,-97.007583988,52
757,Transcona,RADISSON,Polygon,49.902143765,-97.018824504,17
756,Transcona,RADISSON,Polygon,49.906748109,-97.008161794,27
755,Transcona,GRIFFIN,Polygon,49.912440105,-96.995084977,5
754,Transcona,MEADOWS,Polygon,49.909645671,-97.017248765,42
753,Transcona,MEADOWS,Polygon,49.911665126,-97.018523960,36
752,Transcona,MISSION GARDENS,Polygon,49.888761588,-97.031432068,69
751,Transcona,MISSION GARDENS,Polygon,49.892946901,-97.049592235,51
750,Transcona,REGENT,Polygon,49.894445783,-97.037034529,131
749,Transcona,REGENT,Polygon,49.899352500,-97.031488386,103
748,Transcona,REGENT,Polygon,49.897400882,-97.043408921,103
747,Transcona,MEADOWS,Polygon,49.904963067,-97.031908758,23
746,Transcona,PEGUIS,Polygon,49.906068882,-97.038625384,27
745,Transcona,PEGUIS,Polygon,49.910660488,-97.038883446,2
744,Transcona,MEADOWS,Polygon,49.911171005,-97.030748819,39
743,Transcona,REGENT,Polygon,49.895956063,-97.065502555,706
742,River East,TYNE-TEES,Polygon,49.897952418,-97.078242807,205
741,River East,EAST ELMWOOD,Polygon,49.902158698,-97.088656354,109
740,River East,MUNROE EAST,Polygon,49.906325848,-97.069954585,218
739,River East,EAST ELMWOOD,Polygon,49.904775341,-97.085170320,120
738,Transcona,REGENT,Polygon,49.899592704,-97.060613027,297
737,River East,KILDONAN CROSSING,Polygon,49.901617340,-97.068312410,91
736,Transcona,PEGUIS,Polygon,49.900736796,-97.058134374,29
735,Transcona,PEGUIS,Polygon,49.905249166,-97.057982608,86
734,River East,KILDONAN CROSSING,Polygon,49.908582338,-97.061168281,71
733,Transcona,PEGUIS,Polygon,49.908900070,-97.051383798,45
729,River East,GRASSIE,Polygon,49.925622122,-97.043155491,5
728,River East,NORTH TRANSCONA YARDS,Polygon,49.927768232,-97.033837276,10
727,River East,KIL-CONA PARK,Polygon,49.934886153,-97.032465353,9
726,River East,TYNE-TEES,Polygon,49.901070802,-97.100459317,19
725,River East,TALBOT-GREY,Polygon,49.906323775,-97.090534040,74
724,River East,TALBOT-GREY,Polygon,49.905334374,-97.099754918,148
723,River East,MUNROE EAST,Polygon,49.909799874,-97.079935083,46
722,River East,MUNROE EAST,Polygon,49.911228968,-97.088632340,63
721,River East,MUNROE EAST,Polygon,49.911105179,-97.068305950,68
720,River East,MUNROE EAST,Polygon,49.913828485,-97.076331050,92
719,River East,MUNROE EAST,Polygon,49.915073510,-97.082170728,68
718,River East,EAGLEMERE,Polygon,49.923584382,-97.049106464,80
717,River East,VALLEY GARDENS,Polygon,49.915874332,-97.064919935,102
716,River East,VALLEY GARDENS,Polygon,49.917721908,-97.071774491,52
715,River East,VALLEY GARDENS,Polygon,49.919990588,-97.077662624,79
714,River East,VALLEY GARDENS,Polygon,49.922250065,-97.059100614,66
713,River East,VALLEY GARDENS,Polygon,49.923142372,-97.068881500,81
712,River East,VALLEY GARDENS,Polygon,49.923977570,-97.070645149,147
711,Transcona,PEGUIS,Polygon,49.900131136,-97.046812550,54
710,River East,SPRINGFIELD SOUTH,Polygon,49.929184770,-97.054608905,87
709,St. James - Assiniboia,KING EDWARD,Polygon,49.881899962,-97.221845642,149
708,River East,SPRINGFIELD NORTH,Polygon,49.936960768,-97.049393965,40
707,River East,SPRINGFIELD NORTH,Polygon,49.938030379,-97.047490070,43
706,River East,SPRINGFIELD NORTH,Polygon,49.941737052,-97.042082954,16
705,River East,SPRINGFIELD NORTH,Polygon,49.944456152,-97.040057525,52
704,River East,CHALMERS,Polygon,49.904871947,-97.101373201,96
703,River East,CHALMERS,Polygon,49.905994280,-97.108823847,293
702,River East,CHALMERS,Polygon,49.908223830,-97.113799072,136
701,River East,CHALMERS,Polygon,49.911488554,-97.109609005,194
700,River East,CHALMERS,Polygon,49.915706293,-97.110086609,269
699,River East,CHALMERS,Polygon,49.912809950,-97.096513232,105
698,River East,CHALMERS,Polygon,49.918454832,-97.105658593,132
697,River East,MUNROE WEST,Polygon,49.919477755,-97.095646158,106
696,River East,MUNROE WEST,Polygon,49.921531160,-97.102212847,56
695,River East,MUNROE WEST,Polygon,49.920659819,-97.089495391,52
694,River East,MUNROE WEST,Polygon,49.922622957,-97.094739344,24
693,River East,MUNROE WEST,Polygon,49.924189371,-97.099403541,79
692,River East,ROSSMERE-B,Polygon,49.924078442,-97.083267340,112
691,River East,ROSSMERE-B,Polygon,49.927879648,-97.090549034,27
690,River East,ROSSMERE-B,Polygon,49.929513473,-97.098738760,77
689,River East,ROSSMERE-A,Polygon,49.930206840,-97.083319940,15
688,River East,ROSSMERE-A,Polygon,49.934479494,-97.092755545,193
687,River East,McLEOD INDUSTRIAL,Polygon,49.929317336,-97.063241799,81
686,River East,ROSSMERE-A,Polygon,49.936316405,-97.087999679,77
685,River East,ROSSMERE-A,Polygon,49.934790156,-97.073603173,104
684,River East,ROSSMERE-A,Polygon,49.940174843,-97.085568080,149
683,River East,ROSSMERE-A,Polygon,49.941596014,-97.066627509,103
682,River East,ROSSMERE-A,Polygon,49.944562449,-97.079137004,255
681,River East,RIVER EAST,Polygon,49.945557762,-97.065191223,24
680,River East,RIVER EAST,Polygon,49.949017709,-97.071768883,110
679,River Heights,SIR JOHN FRANKLIN,Polygon,49.876783151,-97.199067234,22
678,River East,RIVER EAST,Polygon,49.949406265,-97.054332619,23
677,River East,RIVER EAST,Polygon,49.955670826,-97.071691964,65
676,River East,RIVER EAST,Polygon,49.950246826,-97.052546968,20
675,River East,RIVER EAST,Polygon,49.954913522,-97.061313951,70
674,River East,GLENELM,Polygon,49.912336673,-97.123549483,44
673,River East,GLENELM,Polygon,49.917041463,-97.120604137,254
672,River East,KILDONAN DRIVE,Polygon,49.923777898,-97.111737622,54
671,River East,KILDONAN DRIVE,Polygon,49.933681659,-97.108806477,29
670,River East,KILDONAN DRIVE,Polygon,49.937689059,-97.103081263,36
669,River East,KILDONAN DRIVE,Polygon,49.940056966,-97.096852358,70
668,River East,KILDONAN DRIVE,Polygon,49.945455122,-97.095347747,99
667,River East,VALHALLA,Polygon,49.955011164,-97.080202592,128
666,Fort Garry,LINDEN WOODS,Polygon,49.830511270,-97.185138702,6
665,Fort Garry,LINDEN WOODS,Polygon,49.829036037,-97.189948386,19
664,Fort Garry,LINDEN WOODS,Polygon,49.834530312,-97.194323985,22
663,Fort Garry,LINDEN WOODS,Polygon,49.836350644,-97.182058717,1
662,River Heights,RIVERVIEW,Polygon,49.864648742,-97.130934182,50
661,Fort Garry,LINDEN WOODS,Polygon,49.831293441,-97.199364121,240
660,Fort Garry,LINDEN WOODS,Polygon,49.837169750,-97.189428544,29
659,Fort Garry,LINDEN WOODS,Polygon,49.841781286,-97.189874637,50
658,Fort Garry,BROCKVILLE,Polygon,49.845427497,-97.188116962,62
657,Assiniboine South,TUXEDO INDUSTRIAL,Polygon,49.838096921,-97.205457839,53
656,River Heights,SOUTH RIVER HEIGHTS,Polygon,49.852066229,-97.178382336,71
655,River Heights,SOUTH RIVER HEIGHTS,Polygon,49.852158690,-97.188992264,47
654,River Heights,SOUTH RIVER HEIGHTS,Polygon,49.852023503,-97.193884048,42
653,River Heights,MATHERS,Polygon,49.850041227,-97.201719899,103
652,River Heights,MATHERS,Polygon,49.850032085,-97.202590326,121
651,River Heights,CENTRAL RIVER HEIGHTS,Polygon,49.858627860,-97.177609369,52
650,River Heights,CENTRAL RIVER HEIGHTS,Polygon,49.858605613,-97.187911194,27
649,River Heights,CENTRAL RIVER HEIGHTS,Polygon,49.861175630,-97.193190864,45
648,River Heights,J. B. MITCHELL,Polygon,49.862137786,-97.199012745,97
647,River Heights,J. B. MITCHELL,Polygon,49.860615012,-97.204366469,46
646,River Heights,NORTH RIVER HEIGHTS,Polygon,49.864602481,-97.177444255,75
645,River Heights,NORTH RIVER HEIGHTS,Polygon,49.865184980,-97.187065209,76
644,River Heights,NORTH RIVER HEIGHTS,Polygon,49.865412689,-97.193117602,27
643,River Heights,SIR JOHN FRANKLIN,Polygon,49.865763761,-97.198959840,33
642,River Heights,NORTH RIVER HEIGHTS,Polygon,49.868336642,-97.177505998,46
641,River Heights,NORTH RIVER HEIGHTS,Polygon,49.868674793,-97.186759667,68
640,River Heights,NORTH RIVER HEIGHTS,Polygon,49.870645427,-97.193041720,65
639,River Heights,SIR JOHN FRANKLIN,Polygon,49.870217071,-97.198350889,109
638,River Heights,SIR JOHN FRANKLIN,Polygon,49.869528458,-97.204092377,59
637,River Heights,WELLINGTON CRESCENT,Polygon,49.876907489,-97.177934354,40
636,River Heights,WELLINGTON CRESCENT,Polygon,49.877888783,-97.187224532,140
635,Assiniboine South,TUXEDO INDUSTRIAL,Polygon,49.829851670,-97.210270876,403
634,Assiniboine South,SOUTH TUXEDO,Polygon,49.849602387,-97.221497496,34
633,Assiniboine South,SOUTH TUXEDO,Polygon,49.853327650,-97.216798374,55
632,Assiniboine South,TUXEDO,Polygon,49.864806785,-97.208681179,9
631,Assiniboine South,EDGELAND,Polygon,49.865785764,-97.208584878,76
630,Assiniboine South,EDGELAND,Polygon,49.868578918,-97.212796521,62
629,Assiniboine South,OLD TUXEDO,Polygon,49.873848348,-97.207839033,71
628,Assiniboine South,OLD TUXEDO,Polygon,49.871902277,-97.215439860,17
627,Assiniboine South,WILKES SOUTH,Polygon,49.831755198,-97.246267261,14
626,Assiniboine South,WILKES SOUTH,Polygon,49.829984845,-97.280158982,13
625,Assiniboine South,ELMHURST,Polygon,49.848559168,-97.255981590,14
624,Assiniboine South,ELMHURST,Polygon,49.849296906,-97.263669332,9
623,Assiniboine South,ERIC COY,Polygon,49.849783592,-97.272098714,7
622,Assiniboine South,SOUTH TUXEDO,Polygon,49.853311315,-97.225108172,20
621,Assiniboine South,ASSINIBOINE PARK,Polygon,49.851972305,-97.243137114,6
620,Assiniboine South,ELMHURST,Polygon,49.854905340,-97.254575839,29
619,Assiniboine South,ELMHURST,Polygon,49.855828976,-97.263793975,47
618,Assiniboine South,ERIC COY,Polygon,49.857965516,-97.271288445,5
617,Assiniboine South,TUXEDO,Polygon,49.859994785,-97.225530616,36
616,Assiniboine South,ASSINIBOINE PARK,Polygon,49.864066792,-97.245570359,2
615,Assiniboine South,TUXEDO,Polygon,49.861658719,-97.217795333,32
614,Assiniboine South,VARSITY VIEW,Polygon,49.863360747,-97.264111646,28
613,Assiniboine South,MARLTON,Polygon,49.864147916,-97.267834349,11
612,Assiniboine South,MARLTON,Polygon,49.861806279,-97.272953232,4
611,Assiniboine South,ASSINIBOINE PARK,Polygon,49.873660744,-97.238837398,18
610,Assiniboine South,VIALOUX,Polygon,49.871647445,-97.254654038,90
609,Assiniboine South,RIDGEDALE,Polygon,49.866592132,-97.275115128,10
608,Assiniboine South,WILKES SOUTH,Polygon,49.838903838,-97.283262250,2
607,Assiniboine South,WILKES SOUTH,Polygon,49.823670428,-97.304323209,6
605,Assiniboine South,WEST PERIMETER SOUTH,Polygon,49.825706889,-97.335057173,1
604,Assiniboine South,RIDGEWOOD SOUTH,Polygon,49.843660496,-97.264603329,5
600,Assiniboine South,ERIC COY,Polygon,49.851203726,-97.278843377,14
599,Assiniboine South,BETSWORTH,Polygon,49.855319068,-97.294179244,25
598,Assiniboine South,BETSWORTH,Polygon,49.849218829,-97.305021940,2
597,Assiniboine South,BETSWORTH,Polygon,49.852417179,-97.301697606,7
596,Assiniboine South,WESTDALE,Polygon,49.849866240,-97.317836063,22
595,Assiniboine South,BETSWORTH,Polygon,49.853697129,-97.311739298,27
594,Assiniboine South,WESTDALE,Polygon,49.853121578,-97.314563476,27
593,Assiniboine South,ERIC COY,Polygon,49.855802158,-97.278819241,13
592,Assiniboine South,ROBLIN PARK,Polygon,49.855645882,-97.292152109,35
591,Assiniboine South,BETSWORTH,Polygon,49.858289831,-97.301188369,15
590,Assiniboine South,WESTDALE,Polygon,49.858469085,-97.316333341,48
589,Assiniboine South,WESTDALE,Polygon,49.858324024,-97.319458124,123
588,Assiniboine South,RIDGEDALE,Polygon,49.860945787,-97.287075402,5
587,Assiniboine South,SOUTHBOINE,Polygon,49.862498975,-97.295783143,14
586,Assiniboine South,SOUTHBOINE,Polygon,49.864820377,-97.306852572,13
585,Assiniboine South,RIVER WEST PARK,Polygon,49.869511087,-97.317743053,17
584,Point Douglas,DUFFERIN,Polygon,49.919237917,-97.162524555,88
583,Point Douglas,BURROWS CENTRAL,Polygon,49.922134930,-97.162401923,75
582,River Heights,CENTRAL RIVER HEIGHTS,Polygon,49.860810234,-97.177449436,57
581,Point Douglas,WILLIAM WHYTE,Polygon,49.917163180,-97.133666692,196
580,Point Douglas,WILLIAM WHYTE,Polygon,49.917824304,-97.143567893,158
579,Point Douglas,WILLIAM WHYTE,Polygon,49.919240172,-97.141534541,269
578,Point Douglas,WILLIAM WHYTE,Polygon,49.920249199,-97.151088084,136
577,Point Douglas,WILLIAM WHYTE,Polygon,49.921988528,-97.149740724,148
576,Point Douglas,BURROWS CENTRAL,Polygon,49.922873156,-97.159236303,85
575,Point Douglas,BURROWS CENTRAL,Polygon,49.924462488,-97.157404208,90
574,River Heights,NORTH RIVER HEIGHTS,Polygon,49.871844862,-97.178370451,86
573,Point Douglas,ST. JOHN'S,Polygon,49.919452522,-97.132725685,307
572,Point Douglas,ST. JOHN'S,Polygon,49.922217396,-97.141742076,300
571,Point Douglas,INKSTER-FARADAY,Polygon,49.924068629,-97.147463633,175
570,Point Douglas,BURROWS CENTRAL,Polygon,49.926306468,-97.153868317,69
569,Point Douglas,ST. JOHN'S PARK,Polygon,49.919558880,-97.122974664,331
568,Point Douglas,ST. JOHN'S,Polygon,49.921419438,-97.129230692,80
567,Point Douglas,ST. JOHN'S,Polygon,49.922152910,-97.132397652,129
566,Point Douglas,ST. JOHN'S,Polygon,49.923770401,-97.137420844,113
565,Point Douglas,INKSTER-FARADAY,Polygon,49.926584278,-97.147183202,82
564,Point Douglas,LUXTON,Polygon,49.923438711,-97.118909971,163
563,Point Douglas,ST. JOHN'S,Polygon,49.925115018,-97.126045080,94
562,Point Douglas,ST. JOHN'S,Polygon,49.925792294,-97.129588468,195
561,Point Douglas,ST. JOHN'S,Polygon,49.927731296,-97.134584659,210
560,Point Douglas,INKSTER-FARADAY,Polygon,49.930865831,-97.143603732,151
559,Point Douglas,ROBERTSON,Polygon,49.931946048,-97.149632599,89
558,Point Douglas,LUXTON,Polygon,49.926411973,-97.115446611,76
557,Point Douglas,ST. JOHN'S,Polygon,49.930029963,-97.130316454,57
556,Seven Oaks,JEFFERSON,Polygon,49.932743456,-97.133526202,55
555,Seven Oaks,JEFFERSON,Polygon,49.933142191,-97.124965900,100
554,Seven Oaks,JEFFERSON,Polygon,49.934421104,-97.128590595,54
553,Seven Oaks,JEFFERSON,Polygon,49.937335793,-97.136640868,48
552,Seven Oaks,SEVEN OAKS,Polygon,49.930583694,-97.114702046,115
551,Seven Oaks,JEFFERSON,Polygon,49.935684658,-97.121231495,38
550,Seven Oaks,JEFFERSON,Polygon,49.938519685,-97.129884563,50
549,Seven Oaks,SEVEN OAKS,Polygon,49.936760791,-97.112248078,53
548,Seven Oaks,JEFFERSON,Polygon,49.938572834,-97.119050949,45
547,Seven Oaks,JEFFERSON,Polygon,49.942267743,-97.128845792,42
546,Seven Oaks,SEVEN OAKS,Polygon,49.940103531,-97.108568650,131
545,Seven Oaks,JEFFERSON,Polygon,49.941700847,-97.117416758,20
544,Seven Oaks,JEFFERSON,Polygon,49.943638691,-97.123552775,104
543,Seven Oaks,MARGARET PARK,Polygon,49.946022871,-97.118102140,71
542,Seven Oaks,KILDONAN PARK,Polygon,49.945232350,-97.099829947,20
540,Seven Oaks,MARGARET PARK,Polygon,49.948965780,-97.115307462,58
538,Seven Oaks,RIVERBEND,Polygon,49.961549268,-97.095440330,33
537,Seven Oaks,RIVERBEND,Polygon,49.963707385,-97.091578418,38
536,River Heights,NORTH RIVER HEIGHTS,Polygon,49.872144979,-97.186456319,67
535,Point Douglas,BURROWS CENTRAL,Polygon,49.924141160,-97.166911429,97
534,Point Douglas,BURROWS CENTRAL,Polygon,49.927063345,-97.164592039,55
533,Point Douglas,BURROWS CENTRAL,Polygon,49.928973822,-97.161826738,84
532,Point Douglas,ROBERTSON,Polygon,49.932347220,-97.152220047,58
531,Point Douglas,ROBERTSON,Polygon,49.934024442,-97.160445368,138
530,Seven Oaks,GARDEN CITY,Polygon,49.939502382,-97.145303200,37
529,Seven Oaks,GARDEN CITY,Polygon,49.941813788,-97.153190005,18
528,Seven Oaks,GARDEN CITY,Polygon,49.940811161,-97.156168630,189
527,Seven Oaks,GARDEN CITY,Polygon,49.943180835,-97.137876385,95
526,Seven Oaks,GARDEN CITY,Polygon,49.944916324,-97.145285768,59
525,Seven Oaks,GARDEN CITY,Polygon,49.947291301,-97.135960910,12
524,Seven Oaks,GARDEN CITY,Polygon,49.948274546,-97.138429506,174
523,Seven Oaks,TEMPLETON-SINCLAIR,Polygon,49.949862720,-97.130822766,45
522,Seven Oaks,TEMPLETON-SINCLAIR,Polygon,49.952099767,-97.138407746,396
521,Seven Oaks,WEST KILDONAN INDUSTRIAL,Polygon,49.961465218,-97.123226509,72
520,Seven Oaks,ROSSER-OLD KILDONAN,Polygon,49.966365718,-97.114161115,8
518,Seven Oaks,LEILA-McPHILLIPS TRIANGLE,Polygon,49.950609601,-97.154355795,524
517,Seven Oaks,LEILA-McPHILLIPS TRIANGLE,Polygon,49.951748024,-97.156988468,69
516,Seven Oaks,LEILA-McPHILLIPS TRIANGLE,Polygon,49.954277022,-97.157773382,9
515,Seven Oaks,LEILA NORTH,Polygon,49.959465998,-97.150662409,227
513,Seven Oaks,ROSSER-OLD KILDONAN,Polygon,49.970720898,-97.141346937,12
512,Seven Oaks,ROSSER-OLD KILDONAN,Polygon,49.982152432,-97.132061818,2
511,Inkster,WESTON SHOPS,Polygon,49.919723079,-97.168558419,72
510,Inkster,SHAUGHNESSY PARK,Polygon,49.927092357,-97.177038267,189
509,Inkster,SHAUGHNESSY PARK,Polygon,49.930444789,-97.174578387,81
508,Point Douglas,MYNARSKI,Polygon,49.933334366,-97.166418831,117
507,Point Douglas,MYNARSKI,Polygon,49.938426066,-97.162757018,82
506,Inkster,INKSTER INDUSTRIAL PARK,Polygon,49.933876394,-97.174671336,55
505,Inkster,INKSTER INDUSTRIAL PARK,Polygon,49.939833096,-97.172066639,30
504,Inkster,INKSTER INDUSTRIAL PARK,Polygon,49.938195797,-97.183655667,7
503,Inkster,INKSTER INDUSTRIAL PARK,Polygon,49.943153224,-97.182360968,16
502,Inkster,INKSTER INDUSTRIAL PARK,Polygon,49.943593893,-97.170216015,4
501,Seven Oaks,THE MAPLES,Polygon,49.943763456,-97.167485639,154
500,Seven Oaks,THE MAPLES,Polygon,49.944783088,-97.163036169,23
499,Seven Oaks,THE MAPLES,Polygon,49.951712490,-97.166145593,38
498,Seven Oaks,THE MAPLES,Polygon,49.947647493,-97.168558785,59
497,Seven Oaks,THE MAPLES,Polygon,49.947929752,-97.178051317,54
496,Seven Oaks,THE MAPLES,Polygon,49.952914912,-97.166830183,84
495,Seven Oaks,THE MAPLES,Polygon,49.952346309,-97.173497988,46
494,Seven Oaks,THE MAPLES,Polygon,49.951081719,-97.180505224,35
493,Seven Oaks,MANDALAY WEST,Polygon,49.950415353,-97.185491968,26
492,Seven Oaks,THE MAPLES,Polygon,49.957234132,-97.170633156,48
491,Seven Oaks,THE MAPLES,Polygon,49.957895256,-97.176987435,69
490,Seven Oaks,MANDALAY WEST,Polygon,49.958056469,-97.185043376,49
489,Inkster,WESTON SHOPS,Polygon,49.921581200,-97.178904373,4
488,Inkster,BURROWS-KEEWATIN,Polygon,49.933504721,-97.186721207,303
487,Inkster,INKSTER INDUSTRIAL PARK,Polygon,49.937251012,-97.188198513,46
486,Inkster,INKSTER INDUSTRIAL PARK,Polygon,49.947798100,-97.183487141,41
485,Inkster,TYNDALL PARK,Polygon,49.932630821,-97.201011904,49
484,Inkster,TYNDALL PARK,Polygon,49.936237048,-97.201917865,104
483,Inkster,TYNDALL PARK,Polygon,49.941330272,-97.202277835,179
482,Inkster,INKSTER GARDENS,Polygon,49.948641343,-97.200425322,26
481,Inkster,INKSTER GARDENS,Polygon,49.951851944,-97.200681677,24
480,Inkster,INKSTER GARDENS,Polygon,49.954904806,-97.201749094,72
479,Seven Oaks,THE MAPLES,Polygon,49.960967744,-97.179825997,22
478,Seven Oaks,MANDALAY WEST,Polygon,49.963035411,-97.185642454,33
476,Seven Oaks,ROSSER-OLD KILDONAN,Polygon,49.972618149,-97.173021055,3
474,Seven Oaks,ROSSER-OLD KILDONAN,Polygon,49.965441960,-97.200159458,22
473,Inkster,OAK POINT HIGHWAY,Polygon,49.931597048,-97.212766777,60
472,Inkster,TYNDALL PARK,Polygon,49.932737422,-97.210765851,31
471,Inkster,TYNDALL PARK,Polygon,49.936697342,-97.213052145,25
470,Inkster,TYNDALL PARK,Polygon,49.941432546,-97.223894292,24
469,Inkster,TYNDALL PARK,Polygon,49.940826703,-97.211023181,29
468,Inkster,TYNDALL PARK,Polygon,49.938363349,-97.217711588,19
467,Inkster,TYNDALL PARK,Polygon,49.943214113,-97.213647748,26
466,Inkster,TYNDALL PARK,Polygon,49.944041753,-97.224345444,32
465,Inkster,NORTH INKSTER INDUSTRIAL,Polygon,49.950495137,-97.221640728,18
464,Seven Oaks,ROSSER-OLD KILDONAN,Polygon,49.963205766,-97.210582025,1
463,Seven Oaks,ROSSER-OLD KILDONAN,Polygon,49.968151796,-97.218329255,3
462,St. James - Assiniboia,BIRCHWOOD,Polygon,49.874697503,-97.245959829,98
461,St. James - Assiniboia,BIRCHWOOD,Polygon,49.874988479,-97.269216755,23
460,St. James - Assiniboia,WOODHAVEN,Polygon,49.873775757,-97.274136820,16
458,St. James - Assiniboia,KIRKFIELD,Polygon,49.872980177,-97.285659656,41
457,St. James - Assiniboia,KIRKFIELD,Polygon,49.878016169,-97.285591210,66
456,St. James - Assiniboia,WESTWOOD,Polygon,49.865281281,-97.298805591,1
455,St. James - Assiniboia,WESTWOOD,Polygon,49.868701306,-97.293138706,21
454,St. James - Assiniboia,WESTWOOD,Polygon,49.873658002,-97.296085272,7
453,St. James - Assiniboia,WESTWOOD,Polygon,49.877537772,-97.296874330,15
452,St. James - Assiniboia,WESTWOOD,Polygon,49.881264680,-97.296181938,85
451,St. James - Assiniboia,WESTWOOD,Polygon,49.869258815,-97.302720347,8
450,St. James - Assiniboia,WESTWOOD,Polygon,49.873814156,-97.303021623,19
449,St. James - Assiniboia,WESTWOOD,Polygon,49.872188620,-97.307272640,6
448,St. James - Assiniboia,WESTWOOD,Polygon,49.876822402,-97.302856509,6
447,St. James - Assiniboia,WESTWOOD,Polygon,49.881213787,-97.302685544,50
446,St. James - Assiniboia,WESTWOOD,Polygon,49.868900125,-97.311114256,3
445,St. James - Assiniboia,WESTWOOD,Polygon,49.872984200,-97.309552961,6
444,St. James - Assiniboia,WESTWOOD,Polygon,49.879497924,-97.309411130,18
443,St. James - Assiniboia,GLENDALE,Polygon,49.872766304,-97.318760674,72
442,St. James - Assiniboia,ASSINIBOIA DOWNS,Polygon,49.869344389,-97.332297541,15
441,Downtown,POLO PARK,Polygon,49.884454558,-97.200861236,513
440,Downtown,POLO PARK,Polygon,49.890137229,-97.199261360,328
439,Downtown,POLO PARK,Polygon,49.882114994,-97.204360496,102
438,St. James - Assiniboia,BRUCE PARK,Polygon,49.876108434,-97.209944367,91
437,St. James - Assiniboia,KING EDWARD,Polygon,49.880299233,-97.208029501,93
436,St. James - Assiniboia,KING EDWARD,Polygon,49.880601728,-97.214783429,141
435,St. James - Assiniboia,KING EDWARD,Polygon,49.887475056,-97.207874567,86
434,St. James - Assiniboia,KING EDWARD,Polygon,49.885919552,-97.214494770,72
433,St. James - Assiniboia,KENSINGTON,Polygon,49.885028829,-97.203977425,98
432,St. James - Assiniboia,KING EDWARD,Polygon,49.889381206,-97.214183803,25
431,St. James - Assiniboia,ST. JAMES INDUSTRIAL,Polygon,49.890543827,-97.206964157,272
430,St. James - Assiniboia,ST. JAMES INDUSTRIAL,Polygon,49.896491691,-97.209784983,143
429,St. James - Assiniboia,ST. JAMES INDUSTRIAL,Polygon,49.902537746,-97.208913459,212
428,St. James - Assiniboia,ST. JAMES INDUSTRIAL,Polygon,49.912037287,-97.203015756,46
427,St. James - Assiniboia,ST. JAMES INDUSTRIAL,Polygon,49.911366289,-97.209670214,47
426,Inkster,BROOKLANDS,Polygon,49.922422553,-97.199547581,184
425,Inkster,BROOKLANDS,Polygon,49.919209270,-97.200993985,120
424,St. James - Assiniboia,OMAND'S CREEK INDUSTRIAL,Polygon,49.922301263,-97.218295610,34
423,St. James - Assiniboia,OMAND'S CREEK INDUSTRIAL,Polygon,49.927873553,-97.221396501,37
422,St. James - Assiniboia,BRUCE PARK,Polygon,49.875073687,-97.224861812,16
421,St. James - Assiniboia,SILVER HEIGHTS,Polygon,49.877463413,-97.243704802,19
420,St. James - Assiniboia,SILVER HEIGHTS,Polygon,49.877132211,-97.249876779,54
419,St. James - Assiniboia,SILVER HEIGHTS,Polygon,49.877076076,-97.259075228,89
418,St. James - Assiniboia,DEER LODGE,Polygon,49.882023081,-97.225961167,66
417,St. James - Assiniboia,DEER LODGE,Polygon,49.878499563,-97.235312600,56
416,St. James - Assiniboia,KING EDWARD,Polygon,49.889771834,-97.220312872,29
415,St. James - Assiniboia,DEER LODGE,Polygon,49.880498356,-97.239665037,28
414,St. James - Assiniboia,SILVER HEIGHTS,Polygon,49.882230067,-97.244081899,18
413,St. James - Assiniboia,SILVER HEIGHTS,Polygon,49.882086225,-97.246586212,21
412,St. James - Assiniboia,SILVER HEIGHTS,Polygon,49.883299800,-97.259515713,46
411,St. James - Assiniboia,DEER LODGE,Polygon,49.886311826,-97.225167476,25
410,St. James - Assiniboia,DEER LODGE,Polygon,49.885408852,-97.232968037,27
409,St. James - Assiniboia,JAMESWOOD,Polygon,49.886434031,-97.244663179,16
408,St. James - Assiniboia,JAMESWOOD,Polygon,49.887958938,-97.258705566,44
407,St. James - Assiniboia,AIRPORT,Polygon,49.895758097,-97.252594417,3
406,St. James - Assiniboia,AIRPORT,Polygon,49.897039936,-97.224669576,116
405,St. James - Assiniboia,BOOTH,Polygon,49.878350845,-97.269178661,102
404,St. James - Assiniboia,BOOTH,Polygon,49.881107186,-97.275880720,28
403,St. James - Assiniboia,BOOTH,Polygon,49.883795080,-97.267555198,49
402,St. James - Assiniboia,BOOTH,Polygon,49.884286763,-97.274353192,48
401,St. James - Assiniboia,HERITAGE PARK,Polygon,49.884971597,-97.284137309,38
400,St. James - Assiniboia,BOOTH,Polygon,49.887920357,-97.265435601,106
399,St. James - Assiniboia,BOOTH,Polygon,49.889135456,-97.272429916,29
398,St. James - Assiniboia,HERITAGE PARK,Polygon,49.890968953,-97.287015428,118
397,St. James - Assiniboia,MURRAY INDUSTRIAL PARK,Polygon,49.895700073,-97.263016741,32
396,St. James - Assiniboia,HERITAGE PARK,Polygon,49.896404715,-97.281790613,39
395,St. James - Assiniboia,STURGEON CREEK,Polygon,49.884849514,-97.284241594,140
394,St. James - Assiniboia,STURGEON CREEK,Polygon,49.886335353,-97.294195518,50
393,St. James - Assiniboia,CRESTVIEW,Polygon,49.885602064,-97.299992896,45
392,St. James - Assiniboia,STURGEON CREEK,Polygon,49.890623915,-97.289183784,11
391,St. James - Assiniboia,CRESTVIEW,Polygon,49.890899957,-97.297767613,21
390,St. James - Assiniboia,CRESTVIEW,Polygon,49.894990493,-97.291360186,13
389,St. James - Assiniboia,HERITAGE PARK,Polygon,49.896820333,-97.292609965,19
388,St. James - Assiniboia,CRESTVIEW,Polygon,49.898531077,-97.295449259,13
387,St. James - Assiniboia,CRESTVIEW,Polygon,49.884490885,-97.303559506,66
386,St. James - Assiniboia,CRESTVIEW,Polygon,49.884319920,-97.311866317,257
385,St. James - Assiniboia,CRESTVIEW,Polygon,49.888691496,-97.305149935,70
384,St. James - Assiniboia,CRESTVIEW,Polygon,49.892861937,-97.307839109,27
383,St. James - Assiniboia,CRESTVIEW,Polygon,49.892617040,-97.311636414,22
382,St. James - Assiniboia,CRESTVIEW,Polygon,49.897997399,-97.307735555,41
381,St. James - Assiniboia,BUCHANAN,Polygon,49.885265010,-97.322388843,75
380,St. James - Assiniboia,BUCHANAN,Polygon,49.888782372,-97.321704375,30
379,St. James - Assiniboia,BUCHANAN,Polygon,49.895744993,-97.318535707,16
378,St. James - Assiniboia,ASSINIBOIA DOWNS,Polygon,49.887988377,-97.325256600,10
377,St. James - Assiniboia,ASSINIBOIA DOWNS,Polygon,49.887210655,-97.335117209,32
376,St. James - Assiniboia,SASKATCHEWAN NORTH,Polygon,49.916661135,-97.268457684,11
375,St. James - Assiniboia,SASKATCHEWAN NORTH,Polygon,49.909523649,-97.297376741,15
374,Downtown,LEGISLATURE,Polygon,49.881982123,-97.151049564,25
373,Downtown,ARMSTRONG POINT,Polygon,49.876488092,-97.157154801,39
372,Downtown,WEST BROADWAY,Polygon,49.881087499,-97.154604654,155
371,Downtown,WEST BROADWAY,Polygon,49.880101206,-97.160096429,99
370,Downtown,LEGISLATURE,Polygon,49.884261956,-97.151051880,9
369,Downtown,WEST BROADWAY,Polygon,49.883877362,-97.154157891,256
368,Downtown,WEST BROADWAY,Polygon,49.887247103,-97.152539303,280
367,Downtown,COLONY,Polygon,49.889583255,-97.152078582,171
366,Downtown,WEST BROADWAY,Polygon,49.887584035,-97.155626724,264
365,Downtown,WEST BROADWAY,Polygon,49.883816656,-97.159864271,308
364,Downtown,WOLSELEY,Polygon,49.884313947,-97.162116860,80
363,Downtown,WOLSELEY,Polygon,49.886742011,-97.162845700,55
362,Downtown,WOLSELEY,Polygon,49.879534615,-97.165468682,162
361,Downtown,WOLSELEY,Polygon,49.882810677,-97.166554445,86
360,Downtown,WOLSELEY,Polygon,49.885213629,-97.165959756,71
359,Downtown,WOLSELEY,Polygon,49.877127884,-97.174566868,75
358,Downtown,WOLSELEY,Polygon,49.880466784,-97.174943600,83
357,Downtown,WOLSELEY,Polygon,49.884338449,-97.172571061,154
356,Downtown,WOLSELEY,Polygon,49.880040805,-97.182218528,141
355,Downtown,WOLSELEY,Polygon,49.878937001,-97.190353887,59
354,Downtown,WEST WOLSELEY,Polygon,49.878447695,-97.198712383,78
353,Downtown,ST. MATTHEWS,Polygon,49.888714901,-97.162402898,103
352,Downtown,ST. MATTHEWS,Polygon,49.887853373,-97.166851942,206
351,Downtown,ST. MATTHEWS,Polygon,49.887081076,-97.171702280,264
350,Inkster,NORTH INKSTER INDUSTRIAL,Polygon,49.951416700,-97.213397305,28
349,Downtown,MINTO,Polygon,49.888269478,-97.177856338,152
348,Downtown,MINTO,Polygon,49.887689661,-97.183064757,62
347,Downtown,MINTO,Polygon,49.883641608,-97.190443788,74
346,Downtown,MINTO,Polygon,49.887481578,-97.186659099,92
345,Downtown,MINTO,Polygon,49.887037375,-97.191023178,105
344,Downtown,POLO PARK,Polygon,49.885806673,-97.195046608,182
343,Downtown,BROADWAY-ASSINIBOINE,Polygon,49.884324735,-97.138641672,53
342,Downtown,BROADWAY-ASSINIBOINE,Polygon,49.887105334,-97.136958905,157
341,Downtown,BROADWAY-ASSINIBOINE,Polygon,49.885097763,-97.141416664,430
340,Downtown,LEGISLATURE,Polygon,49.882987736,-97.146334839,41
339,Downtown,THE FORKS,Polygon,49.889780062,-97.129284510,40
338,Downtown,THE FORKS,Polygon,49.887337614,-97.130954601,137
337,Downtown,SOUTH PORTAGE,Polygon,49.889743492,-97.138388242,270
336,Downtown,SOUTH PORTAGE,Polygon,49.888554968,-97.144504085,382
335,Downtown,LEGISLATURE,Polygon,49.887445313,-97.149539711,105
334,Downtown,SOUTH PORTAGE,Polygon,49.892764295,-97.135842484,26
333,Downtown,SOUTH PORTAGE,Polygon,49.892045329,-97.139367770,197
332,Downtown,SOUTH PORTAGE,Polygon,49.890715401,-97.147494595,311
331,Downtown,SOUTH PORTAGE,Polygon,49.893447666,-97.141173778,308
330,Downtown,SOUTH PORTAGE,Polygon,49.892513425,-97.144340739,83
329,Downtown,SOUTH PORTAGE,Polygon,49.891573576,-97.147511296,113
328,Downtown,PORTAGE-ELLICE,Polygon,49.895015361,-97.141601647,260
327,Downtown,PORTAGE-ELLICE,Polygon,49.893976590,-97.145134003,119
326,Downtown,PORTAGE-ELLICE,Polygon,49.892874858,-97.149439570,387
325,Downtown,CENTRAL PARK,Polygon,49.896396487,-97.148679524,145
324,Downtown,CENTRAL PARK,Polygon,49.895873780,-97.150827157,574
323,Downtown,WEST ALEXANDER,Polygon,49.897969362,-97.149523864,147
322,Downtown,COLONY,Polygon,49.891264682,-97.153233036,274
321,Downtown,SPENCE,Polygon,49.890162524,-97.156730101,579
320,Downtown,ST. MATTHEWS,Polygon,49.890881855,-97.161621642,281
319,Downtown,DANIEL McINTYRE,Polygon,49.894814043,-97.161378207,317
318,Downtown,ST. MATTHEWS,Polygon,49.891561569,-97.166601681,122
317,Downtown,DANIEL McINTYRE,Polygon,49.894964894,-97.166348800,216
316,Downtown,ST. MATTHEWS,Polygon,49.891730462,-97.171827715,111
315,Downtown,MINTO,Polygon,49.892036309,-97.177638259,84
314,Downtown,DANIEL McINTYRE,Polygon,49.895284699,-97.171457932,170
313,Downtown,SARGENT PARK,Polygon,49.894593831,-97.177561157,76
312,Downtown,MINTO,Polygon,49.892068795,-97.182651699,45
311,Downtown,MINTO,Polygon,49.892184478,-97.186682809,39
310,Downtown,MINTO,Polygon,49.892290470,-97.190220345,76
309,Downtown,SARGENT PARK,Polygon,49.895396603,-97.184765993,80
308,Downtown,SARGENT PARK,Polygon,49.895702876,-97.190179448,113
307,Downtown,POLO PARK,Polygon,49.892433703,-97.194518964,100
306,Downtown,SPENCE,Polygon,49.898327687,-97.154928969,414
305,Downtown,DANIEL McINTYRE,Polygon,49.899092731,-97.160572936,274
304,Downtown,DANIEL McINTYRE,Polygon,49.898469700,-97.166087812,215
303,Downtown,DANIEL McINTYRE,Polygon,49.898631645,-97.171121305,88
302,Downtown,SARGENT PARK,Polygon,49.898841739,-97.176510197,50
301,Downtown,SARGENT PARK,Polygon,49.898679734,-97.179382160,8
300,Downtown,SARGENT PARK,Polygon,49.898325980,-97.185069524,57
299,Downtown,SARGENT PARK,Polygon,49.898909333,-97.190434097,48
298,Downtown,DANIEL McINTYRE,Polygon,49.901387437,-97.164196656,304
297,Downtown,DANIEL McINTYRE,Polygon,49.902966224,-97.170843434,155
296,Downtown,SARGENT PARK,Polygon,49.903442365,-97.175013326,86
295,Downtown,SARGENT PARK,Polygon,49.905027308,-97.180188162,29
294,Downtown,SARGENT PARK,Polygon,49.902788616,-97.188119156,56
293,Downtown,SARGENT PARK,Polygon,49.906448540,-97.184277966,61
292,St. James - Assiniboia,ST. JAMES INDUSTRIAL,Polygon,49.903621680,-97.192882884,54
291,St. James - Assiniboia,ST. JAMES INDUSTRIAL,Polygon,49.908906774,-97.192380717,73
290,St. James - Assiniboia,ST. JAMES INDUSTRIAL,Polygon,49.913731513,-97.194209765,40
289,Downtown,THE FORKS,Polygon,49.893589741,-97.132473657,17
288,Downtown,PORTAGE & MAIN,Polygon,49.894687694,-97.136325512,184
287,St. James - Assiniboia,CRESTVIEW,Polygon,49.884254703,-97.315739627,3
286,Downtown,CIVIC CENTRE,Polygon,49.899815903,-97.135155029,205
285,Point Douglas,SOUTH POINT DOUGLAS,Polygon,49.901352147,-97.116601796,82
284,Point Douglas,SOUTH POINT DOUGLAS,Polygon,49.901578698,-97.128728708,80
283,Point Douglas,SOUTH POINT DOUGLAS,Polygon,49.903712069,-97.131454329,424
282,Downtown,EXCHANGE DISTRICT,Polygon,49.898296298,-97.141026401,404
281,Downtown,WEST ALEXANDER,Polygon,49.898762260,-97.143823213,129
280,Downtown,WEST ALEXANDER,Polygon,49.899821266,-97.148783017,135
279,Downtown,CENTENNIAL,Polygon,49.902103965,-97.142159522,241
278,Downtown,CENTENNIAL,Polygon,49.903431821,-97.146271025,194
277,Downtown,CHINA TOWN,Polygon,49.901640867,-97.138398421,178
276,Downtown,LOGAN-C.P.R.,Polygon,49.905028223,-97.139972637,374
275,Downtown,WEST ALEXANDER,Polygon,49.900620259,-97.154225606,350
274,Downtown,WEST ALEXANDER,Polygon,49.903790024,-97.161560631,506
273,Downtown,WEST ALEXANDER,Polygon,49.904939601,-97.165502205,140
272,Downtown,CENTENNIAL,Polygon,49.904873349,-97.151032254,289
271,Downtown,WEST ALEXANDER,Polygon,49.906693742,-97.157048016,236
270,Downtown,LOGAN-C.P.R.,Polygon,49.909560950,-97.152370411,54
269,Downtown,WEST ALEXANDER,Polygon,49.906435679,-97.169506435,99
268,Downtown,WEST ALEXANDER,Polygon,49.909824132,-97.166765088,80
267,Inkster,PACIFIC INDUSTRIAL,Polygon,49.907665650,-97.173191471,73
266,Downtown,LOGAN-C.P.R.,Polygon,49.913235929,-97.165960670,111
265,Inkster,PACIFIC INDUSTRIAL,Polygon,49.911606553,-97.178557263,36
264,Inkster,WESTON,Polygon,49.917533207,-97.176991214,81
263,Inkster,WESTON,Polygon,49.913582308,-97.186586508,332
262,Inkster,WESTON,Polygon,49.916606828,-97.191632008,236
261,Inkster,WESTON,Polygon,49.918865452,-97.179011889,160
260,Inkster,WESTON,Polygon,49.921508852,-97.191006722,113
259,Point Douglas,NORTH POINT DOUGLAS,Polygon,49.904593344,-97.112331945,26
258,Point Douglas,NORTH POINT DOUGLAS,Polygon,49.905771203,-97.120854641,32
257,Point Douglas,NORTH POINT DOUGLAS,Polygon,49.908484696,-97.124636892,113
256,Point Douglas,NORTH POINT DOUGLAS,Polygon,49.906468714,-97.130256419,55
255,Point Douglas,NORTH POINT DOUGLAS,Polygon,49.907061270,-97.132858251,133
254,Point Douglas,LORD SELKIRK PARK,Polygon,49.909017642,-97.137453940,267
253,Point Douglas,DUFFERIN INDUSTRIAL,Polygon,49.911556270,-97.148124818,62
252,Point Douglas,DUFFERIN INDUSTRIAL,Polygon,49.914034922,-97.155871926,47
251,Point Douglas,NORTH POINT DOUGLAS,Polygon,49.910774464,-97.127815738,60
250,Point Douglas,NORTH POINT DOUGLAS,Polygon,49.910729361,-97.132174575,83
249,Point Douglas,LORD SELKIRK PARK,Polygon,49.910363418,-97.136058308,217
248,Point Douglas,LORD SELKIRK PARK,Polygon,49.913149502,-97.140143419,129
247,Point Douglas,DUFFERIN,Polygon,49.913901015,-97.144959808,242
246,Point Douglas,DUFFERIN,Polygon,49.916637852,-97.153870816,272
245,Point Douglas,NORTH POINT DOUGLAS,Polygon,49.912500994,-97.130002989,78
244,Point Douglas,WILLIAM WHYTE,Polygon,49.913558964,-97.135718207,214
243,Point Douglas,WILLIAM WHYTE,Polygon,49.915915778,-97.143473421,379
242,Point Douglas,WILLIAM WHYTE,Polygon,49.919141738,-97.153508651,245
241,Assiniboine South,VARSITY VIEW,Polygon,49.863602170,-97.256298895,31
240,St. Boniface,SYMINGTON YARDS,Polygon,49.863989324,-97.051265190,39
239,Point Douglas,WILLIAM WHYTE,Polygon,49.916079977,-97.136636357,194
238,Point Douglas,WILLIAM WHYTE,Polygon,49.914933995,-97.133238579,117
237,St. Vital,ST. VITAL PERIMETER SOUTH,Polygon,49.749708791,-97.130640586,3
236,St. Vital,ST. VITAL PERIMETER SOUTH,Polygon,49.796250131,-97.064814918,36
235,St. Vital,ST. VITAL PERIMETER SOUTH,Polygon,49.772752270,-97.139740479,11
232,St. Boniface,FRAIPONT,Polygon,49.814749485,-97.056616902,3
231,St. Vital,DAKOTA CROSSING,Polygon,49.813757707,-97.071033339,32
230,St. Vital,DAKOTA CROSSING,Polygon,49.809764813,-97.079964217,15
229,St. Vital,RIVER PARK SOUTH,Polygon,49.802685473,-97.094727276,9
228,St. Vital,DAKOTA CROSSING,Polygon,49.809242472,-97.086182760,9
226,St. Vital,RIVER PARK SOUTH,Polygon,49.800957542,-97.107804703,14
225,St. Vital,RIVER PARK SOUTH,Polygon,49.798200348,-97.110191077,12
224,St. Vital,MAPLE GROVE PARK,Polygon,49.793639156,-97.125389380,2
223,St. Vital,DAKOTA CROSSING,Polygon,49.812915744,-97.080897605,18
222,St. Vital,DAKOTA CROSSING,Polygon,49.811847047,-97.087886129,18
220,St. Vital,RIVER PARK SOUTH,Polygon,49.804821404,-97.111534841,34
219,St. Vital,NORMAND PARK,Polygon,49.800118748,-97.118250675,8
218,St. Vital,DAKOTA CROSSING,Polygon,49.819048835,-97.085199393,24
217,St. Vital,DAKOTA CROSSING,Polygon,49.816189245,-97.090483451,12
216,St. Vital,RIVER PARK SOUTH,Polygon,49.812213478,-97.100364418,10
215,St. Vital,RIVER PARK SOUTH,Polygon,49.811482140,-97.103813638,29
214,St. Vital,RIVER PARK SOUTH,Polygon,49.810288312,-97.110747063,25
213,St. Vital,DAKOTA CROSSING,Polygon,49.820407715,-97.089620339,77
211,St. Vital,VISTA,Polygon,49.821063171,-97.108076906,48
210,St. Vital,NORMAND PARK,Polygon,49.807345587,-97.122511993,18
205,St. Vital,MEADOWOOD,Polygon,49.829522662,-97.091246972,97
204,St. Vital,MEADOWOOD,Polygon,49.826109341,-97.100086242,56
203,St. Vital,VISTA,Polygon,49.824333564,-97.110699949,42
199,St. Boniface,ISLAND LAKES,Polygon,49.836114341,-97.068401519,23
197,St. Vital,MEADOWOOD,Polygon,49.833180940,-97.085985404,126
196,St. Vital,MEADOWOOD,Polygon,49.833272365,-97.098694449,180
195,St. Vital,ST. VITAL CENTRE,Polygon,49.827432992,-97.110930218,308
194,St. Vital,MINNETONKA,Polygon,49.820309037,-97.120445240,58
193,St. Vital,MINNETONKA,Polygon,49.824972198,-97.123642249,41
192,St. Vital,MINNETONKA,Polygon,49.818604449,-97.126019786,25
191,St. Vital,MINNETONKA,Polygon,49.823280409,-97.129487535,12
190,St. Vital,MINNETONKA,Polygon,49.816647101,-97.136436320,14
189,St. Vital,WORTHINGTON,Polygon,49.837690141,-97.098691158,221
188,St. Vital,PULBERRY,Polygon,49.830396684,-97.127068369,159
187,St. Vital,PULBERRY,Polygon,49.828214310,-97.141759629,12
186,St. Vital,LAVALEE,Polygon,49.844609122,-97.090394891,59
185,St. Vital,WORTHINGTON,Polygon,49.843194777,-97.105639272,47
184,St. Vital,NORBERRY,Polygon,49.838430074,-97.113852038,74
183,St. Vital,PULBERRY,Polygon,49.838621457,-97.118791728,19
182,St. Vital,PULBERRY,Polygon,49.833542435,-97.128421703,32
181,St. Boniface,SOUTHDALE,Polygon,49.844190273,-97.064946204,28
180,St. Boniface,SOUTHDALE,Polygon,49.846941555,-97.068632337,25
179,St. Vital,ST. GEORGE,Polygon,49.845253180,-97.106869547,26
178,St. Vital,VICTORIA CRESCENT,Polygon,49.842388165,-97.124610988,5
177,St. Boniface,SOUTHDALE,Polygon,49.851434361,-97.067898011,15
176,St. Vital,ST. GEORGE,Polygon,49.848600735,-97.102873058,61
175,St. Vital,ST. GEORGE,Polygon,49.848171160,-97.109247145,15
174,St. Vital,WORTHINGTON,Polygon,49.839216207,-97.103249728,57
173,St. Boniface,SOUTHLAND PARK,Polygon,49.848762131,-97.041103305,20
172,St. Boniface,SOUTHDALE,Polygon,49.849580689,-97.062021520,49
171,St. Boniface,SOUTHDALE,Polygon,49.854780514,-97.071881092,148
170,St. Boniface,SOUTHDALE,Polygon,49.851804266,-97.079245739,52
168,St. Vital,ALPINE PLACE,Polygon,49.853811654,-97.097220130,216
167,St. Vital,ST. GEORGE,Polygon,49.852429064,-97.107364400,20
166,St. Vital,NORBERRY,Polygon,49.846221187,-97.116557302,36
165,St. Boniface,WINDSOR PARK,Polygon,49.858797605,-97.057423392,46
164,St. Boniface,WINDSOR PARK,Polygon,49.859109669,-97.068207393,17
163,St. Boniface,WINDSOR PARK,Polygon,49.858736046,-97.076017158,15
162,St. Boniface,WINDSOR PARK,Polygon,49.859058349,-97.079909789,24
160,St. Vital,GLENWOOD,Polygon,49.861726617,-97.097319357,273
159,St. Vital,VARENNES,Polygon,49.860360119,-97.110180533,55
158,St. Vital,ELM PARK,Polygon,49.853063675,-97.117616979,61
157,St. Vital,KINGSTON CRESCENT,Polygon,49.851529321,-97.132054321,6
156,St. Boniface,WINDSOR PARK,Polygon,49.862652996,-97.069012116,99
155,St. Boniface,WINDSOR PARK,Polygon,49.864198444,-97.081166760,23
154,St. Vital,GLENWOOD,Polygon,49.866846415,-97.100400134,90
153,St. Vital,ELM PARK,Polygon,49.860575333,-97.117149492,22
152,St. Boniface,WINDSOR PARK,Polygon,49.866755173,-97.068473562,20
151,St. Boniface,WINDSOR PARK,Polygon,49.867903349,-97.078221657,66
150,St. Boniface,WINDSOR PARK,Polygon,49.868982895,-97.084254303,81
149,St. Vital,GLENWOOD,Polygon,49.868654070,-97.106095483,45
148,St. Boniface,MAGINOT,Polygon,49.872298208,-97.074894764,18
147,St. Boniface,MAGINOT,Polygon,49.871616299,-97.084880686,52
146,St. Boniface,HOLDEN,Polygon,49.883914785,-97.074492067,11
145,St. Vital,GLENWOOD,Polygon,49.872019362,-97.105002650,90
144,St. Boniface,NORWOOD EAST,Polygon,49.876252825,-97.104217370,24
143,St. Boniface,NORWOOD EAST,Polygon,49.876113798,-97.115854183,60
142,St. Boniface,NORWOOD WEST,Polygon,49.872807384,-97.127014368,126
139,St. Boniface,NORWOOD EAST,Polygon,49.879497741,-97.104540161,47
138,St. Boniface,NORWOOD EAST,Polygon,49.879177266,-97.113875016,63
137,St. Boniface,NORWOOD EAST,Polygon,49.879108514,-97.121657657,183
136,St. Boniface,NORWOOD WEST,Polygon,49.878031101,-97.128725904,77
135,St. Boniface,ST. BONIFACE INDUSTRIAL PARK,Polygon,49.877865622,-97.041756994,37
134,St. Boniface,MISSION INDUSTRIAL,Polygon,49.887562885,-97.099762476,68
133,St. Boniface,CENTRAL ST. BONIFACE,Polygon,49.883762106,-97.115837239,363
132,St. Boniface,DUFRESNE,Polygon,49.883701217,-97.104442215,41
131,St. Boniface,CENTRAL ST. BONIFACE,Polygon,49.885322852,-97.106450760,73
130,St. Boniface,CENTRAL ST. BONIFACE,Polygon,49.888026593,-97.116598687,194
129,St. Boniface,CENTRAL ST. BONIFACE,Polygon,49.883788009,-97.126687005,336
128,St. Boniface,DUGALD,Polygon,49.887715443,-97.053990080,17
127,St. Boniface,MISSION INDUSTRIAL,Polygon,49.888558625,-97.090060702,11
126,St. Boniface,CENTRAL ST. BONIFACE,Polygon,49.891475996,-97.107120966,50
125,St. Boniface,CENTRAL ST. BONIFACE,Polygon,49.892188501,-97.114991375,28
124,St. Boniface,CENTRAL ST. BONIFACE,Polygon,49.889268875,-97.123452451,97
123,St. Boniface,MISSION INDUSTRIAL,Polygon,49.896392160,-97.097308995,30
122,St. Boniface,NORTH ST. BONIFACE,Polygon,49.899210304,-97.112287696,94
121,St. Boniface,NORTH ST. BONIFACE,Polygon,49.894473332,-97.125997356,141
120,St. Boniface,NORTH ST. BONIFACE,Polygon,49.899327693,-97.121123796,22
119,St. Boniface,TISSOT,Polygon,49.893365567,-97.108240983,24
117,Fort Garry,PERRAULT,Polygon,49.753371275,-97.151690087,2
116,Fort Garry,LA BARRIERE,Polygon,49.741362119,-97.193644820,1
115,Fort Garry,ST. NORBERT,Polygon,49.760170062,-97.144909707,8
114,Fort Garry,TURNBULL DRIVE,Polygon,49.756102261,-97.142640418,3
113,Fort Garry,PERRAULT,Polygon,49.739232587,-97.156552432,1
112,Fort Garry,TRAPPISTES,Polygon,49.754296435,-97.154850648,1
111,Fort Garry,ST. NORBERT,Polygon,49.770069313,-97.151543563,115
110,Fort Garry,PARC LA SALLE,Polygon,49.765103170,-97.162556919,66
109,Fort Garry,RICHMOND LAKES,Polygon,49.768359422,-97.167774237,22
107,Fort Garry,LA BARRIERE,Polygon,49.764837002,-97.182114913,2
106,Fort Garry,CLOUTIER DRIVE,Polygon,49.778506740,-97.142872088,8
105,Fort Garry,RICHMOND LAKES,Polygon,49.769067905,-97.168945147,24
104,Fort Garry,FORT RICHMOND,Polygon,49.785322105,-97.143246931,14
103,Fort Garry,FORT RICHMOND,Polygon,49.784391399,-97.146587843,11
102,Fort Garry,FORT RICHMOND,Polygon,49.782182206,-97.149768761,39
101,Fort Garry,RICHMOND WEST,Polygon,49.778416900,-97.165191055,52
100,Fort Garry,FORT RICHMOND,Polygon,49.792208416,-97.134044642,1
099,Fort Garry,FORT RICHMOND,Polygon,49.792281252,-97.140042730,1
098,Fort Garry,FORT RICHMOND,Polygon,49.790968572,-97.146088297,1
097,Fort Garry,FORT RICHMOND,Polygon,49.786456080,-97.150635348,3
096,Fort Garry,FORT RICHMOND,Polygon,49.785880285,-97.153188786,19
095,Fort Garry,RICHMOND WEST,Polygon,49.782143930,-97.158443954,16
094,Fort Garry,RICHMOND WEST,Polygon,49.781764821,-97.164021913,11
093,Fort Garry,RICHMOND WEST,Polygon,49.783273272,-97.165162165,4
091,Fort Garry,FORT RICHMOND,Polygon,49.795169001,-97.136224945,4
090,Fort Garry,FORT RICHMOND,Polygon,49.793000888,-97.142938463,6
089,Fort Garry,FORT RICHMOND,Polygon,49.795949038,-97.149363139,41
088,Fort Garry,RICHMOND WEST,Polygon,49.791581058,-97.161581476,2
087,Fort Garry,RICHMOND WEST,Polygon,49.788874209,-97.165462709,4
086,Fort Garry,RICHMOND WEST,Polygon,49.785021500,-97.170616639,1
085,Fort Garry,FORT RICHMOND,Polygon,49.798872504,-97.145091094,17
084,Fort Garry,RICHMOND WEST,Polygon,49.791390529,-97.166700481,2
082,Fort Garry,UNIVERSITY,Polygon,49.810199447,-97.134300754,10
079,Fort Garry,MONTCALM,Polygon,49.811143319,-97.148087273,18
078,Fort Garry,AGASSIZ,Polygon,49.815896746,-97.144565888,17
077,St. Vital,VARENNES,Polygon,49.855051986,-97.108418835,13
076,Fort Garry,MONTCALM,Polygon,49.810596963,-97.155391274,62
075,Fort Garry,WAVERLEY HEIGHTS,Polygon,49.804849685,-97.163907875,4
074,Fort Garry,WAVERLEY HEIGHTS,Polygon,49.806569632,-97.165476849,6
073,Fort Garry,WAVERLEY HEIGHTS,Polygon,49.808895605,-97.165910448,8
072,Fort Garry,WAVERLEY HEIGHTS,Polygon,49.811640853,-97.169319502,4
070,Fort Garry,PEMBINA STRIP,Polygon,49.822181115,-97.148451815,23
069,Fort Garry,PEMBINA STRIP,Polygon,49.824083974,-97.147397624,27
068,Fort Garry,PEMBINA STRIP,Polygon,49.824600098,-97.153530715,23
067,Fort Garry,CHEVRIER,Polygon,49.818451647,-97.174883991,26
066,Fort Garry,CHEVRIER,Polygon,49.820985216,-97.173702597,13
065,Fort Garry,WEST FORT GARRY INDUSTRIAL,Polygon,49.821874781,-97.184613496,36
064,Fort Garry,LINDEN RIDGE,Polygon,49.822538587,-97.184931289,4
063,Fort Garry,WHYTE RIDGE,Polygon,49.810008308,-97.205862730,5
062,Fort Garry,WHYTE RIDGE,Polygon,49.814681221,-97.206421763,7
061,Fort Garry,WHYTE RIDGE,Polygon,49.813525000,-97.208308226,3
059,Fort Garry,CRESCENT PARK,Polygon,49.832911358,-97.140211988,16
058,Fort Garry,MAYBANK,Polygon,49.832576195,-97.152730259,9
057,Fort Garry,CHEVRIER,Polygon,49.829559658,-97.164982728,1
055,Fort Garry,CRESCENT PARK,Polygon,49.839771583,-97.143439106,7
054,St. Vital,WORTHINGTON,Polygon,49.834089948,-97.112283795,23
053,Fort Garry,CRESCENT PARK,Polygon,49.842543466,-97.140258005,16
052,Fort Garry,MAYBANK,Polygon,49.838581169,-97.153089133,12
051,Fort Garry,MAYBANK,Polygon,49.834812937,-97.161052491,10
049,Fort Garry,POINT ROAD,Polygon,49.844543539,-97.149853969,11
048,Fort Garry,BEAUMONT,Polygon,49.843704441,-97.157468937,9
046,Fort Garry,BEAUMONT,Polygon,49.845487715,-97.164862900,3
045,Fort Garry,BUFFALO,Polygon,49.839921215,-97.176872605,7
044,Fort Garry,BEAUMONT,Polygon,49.848871231,-97.155319719,5
043,Fort Garry,PARKER,Polygon,49.850755622,-97.161319574,6
042,River Heights,RIVERVIEW,Polygon,49.859056460,-97.120715431,8
040,Fort Garry,POINT ROAD,Polygon,49.852536885,-97.147075747,3
039,River Heights,RIVERVIEW,Polygon,49.863851943,-97.122736594,3
038,River Heights,RIVERVIEW,Polygon,49.861531699,-97.130106726,9
037,River Heights,LORD ROBERTS,Polygon,49.858264659,-97.138140359,4
036,River Heights,LORD ROBERTS,Polygon,49.854401406,-97.145434303,5
035,River Heights,RIVERVIEW,Polygon,49.866390083,-97.126133397,7
034,River Heights,LORD ROBERTS,Polygon,49.861587773,-97.132402102,25
033,River Heights,LORD ROBERTS,Polygon,49.859492130,-97.143867767,26
032,River Heights,EBBY-WENTWORTH,Polygon,49.857346630,-97.150971913,10
031,River Heights,GRANT PARK,Polygon,49.853294005,-97.158143714,15
030,River Heights,RIVERVIEW,Polygon,49.867537649,-97.116200196,2
029,River Heights,RIVERVIEW,Polygon,49.869177325,-97.130137749,10
028,River Heights,EBBY-WENTWORTH,Polygon,49.861777084,-97.151083391,21
027,Seven Oaks,MANDALAY WEST,Polygon,49.955510405,-97.193188548,1
026,River Heights,GRANT PARK,Polygon,49.858790718,-97.158781068,17
025,River Heights,GRANT PARK,Polygon,49.855806059,-97.163668525,4
024,River Heights,GRANT PARK,Polygon,49.857396609,-97.166773377,23
023,River Heights,GRANT PARK,Polygon,49.855099405,-97.171546187,6
022,River Heights,LORD ROBERTS,Polygon,49.866104837,-97.141148850,13
021,River Heights,EARL GREY,Polygon,49.865352288,-97.149521426,41
020,Point Douglas,ROBERTSON,Polygon,49.938116197,-97.154034406,5
019,River Heights,ROCKWOOD,Polygon,49.860130703,-97.167545004,42
018,River Heights,ROCKWOOD,Polygon,49.857877261,-97.173327633,11
017,River Heights,RIVERVIEW,Polygon,49.872735280,-97.136281324,9
016,River Heights,EARL GREY,Polygon,49.871312829,-97.144392425,8
015,River Heights,EARL GREY,Polygon,49.868768960,-97.153813218,55
014,Seven Oaks,TEMPLETON-SINCLAIR,Polygon,49.955838072,-97.133130149,20
013,River Heights,ROCKWOOD,Polygon,49.863488437,-97.171634747,37
012,River Heights,RIVER-OSBORNE,Polygon,49.878749702,-97.136242255,44
011,River Heights,McMILLAN,Polygon,49.876237100,-97.148609980,47
010,River Heights,McMILLAN,Polygon,49.872755272,-97.153677361,81
009,Seven Oaks,LEILA-McPHILLIPS TRIANGLE,Polygon,49.942883521,-97.159329679,20
008,River Heights,CRESCENTWOOD,Polygon,49.865041199,-97.172041771,45
007,River Heights,RIVER-OSBORNE,Polygon,49.884640090,-97.131957106,18
006,River Heights,RIVER-OSBORNE,Polygon,49.881825420,-97.143034032,105
005,River Heights,ROSLYN,Polygon,49.874044485,-97.153516941,15
004,River Heights,ROSLYN,Polygon,49.880029773,-97.151542649,57
003,River Heights,CRESCENTWOOD,Polygon,49.875026694,-97.160506196,19
002,River Heights,CRESCENTWOOD,Polygon,49.871231705,-97.170341755,27
001,River Heights,WELLINGTON CRESCENT,Polygon,49.876639553,-97.167379891,23
99,Fort Garry,FORT RICHMOND,Polygon,49.792281252,-97.140042730,5
98,Fort Garry,FORT RICHMOND,Polygon,49.790968572,-97.146088297,15
97,Fort Garry,FORT RICHMOND,Polygon,49.786456080,-97.150635348,43
96,Fort Garry,FORT RICHMOND,Polygon,49.785880285,-97.153188786,84
95,Fort Garry,RICHMOND WEST,Polygon,49.782143930,-97.158443954,88
94,Fort Garry,RICHMOND WEST,Polygon,49.781764821,-97.164021913,12
93,Fort Garry,RICHMOND WEST,Polygon,49.783273272,-97.165162165,12
92,Fort Garry,FORT RICHMOND,Polygon,49.798744814,-97.124522855,11
91,Fort Garry,FORT RICHMOND,Polygon,49.795169001,-97.136224945,25
90,Fort Garry,FORT RICHMOND,Polygon,49.793000888,-97.142938463,16
89,Fort Garry,FORT RICHMOND,Polygon,49.795949038,-97.149363139,169
88,Fort Garry,RICHMOND WEST,Polygon,49.791581058,-97.161581476,15
87,Fort Garry,RICHMOND WEST,Polygon,49.788874209,-97.165462709,12
86,Fort Garry,RICHMOND WEST,Polygon,49.785021500,-97.170616639,6
85,Fort Garry,FORT RICHMOND,Polygon,49.798872504,-97.145091094,88
84,Fort Garry,RICHMOND WEST,Polygon,49.791390529,-97.166700481,17
82,Fort Garry,UNIVERSITY,Polygon,49.810199447,-97.134300754,89
79,Fort Garry,MONTCALM,Polygon,49.811143319,-97.148087273,110
78,Fort Garry,AGASSIZ,Polygon,49.815896746,-97.144565888,50
77,St. Vital,VARENNES,Polygon,49.855051986,-97.108418835,49
76,Fort Garry,MONTCALM,Polygon,49.810596963,-97.155391274,357
75,Fort Garry,WAVERLEY HEIGHTS,Polygon,49.804849685,-97.163907875,39
74,Fort Garry,WAVERLEY HEIGHTS,Polygon,49.806569632,-97.165476849,23
73,Fort Garry,WAVERLEY HEIGHTS,Polygon,49.808895605,-97.165910448,47
72,Fort Garry,WAVERLEY HEIGHTS,Polygon,49.811640853,-97.169319502,49
70,Fort Garry,PEMBINA STRIP,Polygon,49.822181115,-97.148451815,57
69,Fort Garry,PEMBINA STRIP,Polygon,49.824083974,-97.147397624,123
68,Fort Garry,PEMBINA STRIP,Polygon,49.824600098,-97.153530715,169
67,Fort Garry,CHEVRIER,Polygon,49.818451647,-97.174883991,38
66,Fort Garry,CHEVRIER,Polygon,49.820985216,-97.173702597,31
65,Fort Garry,WEST FORT GARRY INDUSTRIAL,Polygon,49.821874781,-97.184613496,126
64,Fort Garry,LINDEN RIDGE,Polygon,49.822538587,-97.184931289,26
63,Fort Garry,WHYTE RIDGE,Polygon,49.810008308,-97.205862730,13
62,Fort Garry,WHYTE RIDGE,Polygon,49.814681221,-97.206421763,47
61,Fort Garry,WHYTE RIDGE,Polygon,49.813525000,-97.208308226,20
60,Fort Garry,WHYTE RIDGE,Polygon,49.811298863,-97.217592796,5
59,Fort Garry,CRESCENT PARK,Polygon,49.832911358,-97.140211988,92
58,Fort Garry,MAYBANK,Polygon,49.832576195,-97.152730259,71
57,Fort Garry,CHEVRIER,Polygon,49.829559658,-97.164982728,4
56,Fort Garry,WILDWOOD,Polygon,49.846938995,-97.131543560,11
55,Fort Garry,CRESCENT PARK,Polygon,49.839771583,-97.143439106,40
54,St. Vital,WORTHINGTON,Polygon,49.834089948,-97.112283795,73
53,Fort Garry,CRESCENT PARK,Polygon,49.842543466,-97.140258005,59
52,Fort Garry,MAYBANK,Polygon,49.838581169,-97.153089133,66
51,Fort Garry,MAYBANK,Polygon,49.834812937,-97.161052491,42
50,Fort Garry,CHEVRIER,Polygon,49.834192344,-97.165810124,7
49,Fort Garry,POINT ROAD,Polygon,49.844543539,-97.149853969,77
48,Fort Garry,BEAUMONT,Polygon,49.843704441,-97.157468937,53
47,Fort Garry,POINT ROAD,Polygon,49.849492921,-97.144472939,16
46,Fort Garry,BEAUMONT,Polygon,49.845487715,-97.164862900,18
45,Fort Garry,BUFFALO,Polygon,49.839921215,-97.176872605,30
44,Fort Garry,BEAUMONT,Polygon,49.848871231,-97.155319719,47
43,Fort Garry,PARKER,Polygon,49.850755622,-97.161319574,10
42,River Heights,RIVERVIEW,Polygon,49.859056460,-97.120715431,13
41,River Heights,RIVERVIEW,Polygon,49.855417807,-97.133157577,4
40,Fort Garry,POINT ROAD,Polygon,49.852536885,-97.147075747,21
39,River Heights,RIVERVIEW,Polygon,49.863851943,-97.122736594,11
38,River Heights,RIVERVIEW,Polygon,49.861531699,-97.130106726,20
37,River Heights,LORD ROBERTS,Polygon,49.858264659,-97.138140359,29
36,River Heights,LORD ROBERTS,Polygon,49.854401406,-97.145434303,29
35,River Heights,RIVERVIEW,Polygon,49.866390083,-97.126133397,17
34,River Heights,LORD ROBERTS,Polygon,49.861587773,-97.132402102,67
33,River Heights,LORD ROBERTS,Polygon,49.859492130,-97.143867767,59
32,River Heights,EBBY-WENTWORTH,Polygon,49.857346630,-97.150971913,28
31,River Heights,GRANT PARK,Polygon,49.853294005,-97.158143714,76
30,River Heights,RIVERVIEW,Polygon,49.867537649,-97.116200196,16
29,River Heights,RIVERVIEW,Polygon,49.869177325,-97.130137749,32
28,River Heights,EBBY-WENTWORTH,Polygon,49.861777084,-97.151083391,85
27,Seven Oaks,MANDALAY WEST,Polygon,49.955510405,-97.193188548,33
26,River Heights,GRANT PARK,Polygon,49.858790718,-97.158781068,93
25,River Heights,GRANT PARK,Polygon,49.855806059,-97.163668525,29
24,River Heights,GRANT PARK,Polygon,49.857396609,-97.166773377,75
23,River Heights,GRANT PARK,Polygon,49.855099405,-97.171546187,77
22,River Heights,LORD ROBERTS,Polygon,49.866104837,-97.141148850,100
21,River Heights,EARL GREY,Polygon,49.865352288,-97.149521426,168
20,Point Douglas,ROBERTSON,Polygon,49.938116197,-97.154034406,21
19,River Heights,ROCKWOOD,Polygon,49.860130703,-97.167545004,134
18,River Heights,ROCKWOOD,Polygon,49.857877261,-97.173327633,40
17,River Heights,RIVERVIEW,Polygon,49.872735280,-97.136281324,23
16,River Heights,EARL GREY,Polygon,49.871312829,-97.144392425,78
15,River Heights,EARL GREY,Polygon,49.868768960,-97.153813218,229
14,Seven Oaks,TEMPLETON-SINCLAIR,Polygon,49.955838072,-97.133130149,51
13,River Heights,ROCKWOOD,Polygon,49.863488437,-97.171634747,138
12,River Heights,RIVER-OSBORNE,Polygon,49.878749702,-97.136242255,172
11,River Heights,McMILLAN,Polygon,49.876237100,-97.148609980,182
10,River Heights,McMILLAN,Polygon,49.872755272,-97.153677361,196
9,Seven Oaks,LEILA-McPHILLIPS TRIANGLE,Polygon,49.942883521,-97.159329679,77
8,River Heights,CRESCENTWOOD,Polygon,49.865041199,-97.172041771,136
7,River Heights,RIVER-OSBORNE,Polygon,49.884640090,-97.131957106,63
6,River Heights,RIVER-OSBORNE,Polygon,49.881825420,-97.143034032,338
5,River Heights,ROSLYN,Polygon,49.874044485,-97.153516941,28
4,River Heights,ROSLYN,Polygon,49.880029773,-97.151542649,217
3,River Heights,CRESCENTWOOD,Polygon,49.875026694,-97.160506196,54
2,River Heights,CRESCENTWOOD,Polygon,49.871231705,-97.170341755,67
1,River Heights,WELLINGTON CRESCENT,Polygon,49.876639553,-97.167379891,67
